<?xml version="1.0" encoding="UTF-8"?>
<robot generated="20180824 05:54:08.697" generator="Robot 3.0.3rc1 (Python 2.7.13 on win32)">
<suite source="C:\Python27\Scripts\J2ee_login\LoginTestSuit.txt" id="s1" name="LoginTestSuit">
<test id="s1-t1" name="j2ee_admin_login">
<kw name="Open Browser" library="Selenium2Library">
<doc>Opens a new browser instance to the given ``url``.</doc>
<arguments>
<arg>http://localhost:12000/IsAdmin/</arg>
<arg>ie</arg>
</arguments>
<msg timestamp="20180824 05:54:08.791" level="INFO">Opening browser 'ie' to base url 'http://localhost:12000/IsAdmin/'.</msg>
<status status="PASS" endtime="20180824 05:54:13.642" starttime="20180824 05:54:08.791"></status>
</kw>
<kw name="Input Text" library="Selenium2Library">
<doc>Types the given ``text`` into text field identified by ``locator``.</doc>
<arguments>
<arg>name=username</arg>
<arg>Administrator</arg>
</arguments>
<msg timestamp="20180824 05:54:13.642" level="INFO">Typing text 'Administrator' into text field 'name=username'.</msg>
<status status="PASS" endtime="20180824 05:55:19.103" starttime="20180824 05:54:13.642"></status>
</kw>
<kw name="Input Text" library="Selenium2Library">
<doc>Types the given ``text`` into text field identified by ``locator``.</doc>
<arguments>
<arg>name=password</arg>
<arg>fnst_1234</arg>
</arguments>
<msg timestamp="20180824 05:55:19.103" level="INFO">Typing text 'fnst_1234' into text field 'name=password'.</msg>
<status status="PASS" endtime="20180824 05:56:04.557" starttime="20180824 05:55:19.103"></status>
</kw>
<kw name="Click Element" library="Selenium2Library">
<doc>Click element identified by ``locator``.</doc>
<arguments>
<arg>xpath=//input[@name="login"]</arg>
</arguments>
<msg timestamp="20180824 05:56:04.557" level="INFO">Clicking element 'xpath=//input[@name="login"]'.</msg>
<status status="PASS" endtime="20180824 05:56:06.129" starttime="20180824 05:56:04.557"></status>
</kw>
<kw name="Wait Until Page Contains" library="Selenium2Library">
<doc>Waits until ``text`` appears on current page.</doc>
<arguments>
<arg>Interstage Management Console</arg>
<arg>10</arg>
<arg>error</arg>
</arguments>
<status status="PASS" endtime="20180824 05:56:06.182" starttime="20180824 05:56:06.129"></status>
</kw>
<kw name="Sleep" library="BuiltIn">
<doc>Pauses the test executed for the given time.</doc>
<arguments>
<arg>2s</arg>
</arguments>
<msg timestamp="20180824 05:56:08.182" level="INFO">Slept 2 seconds</msg>
<status status="PASS" endtime="20180824 05:56:08.182" starttime="20180824 05:56:06.182"></status>
</kw>
<kw name="Log" library="BuiltIn">
<doc>Logs the given message with the given level.</doc>
<arguments>
<arg>login success!</arg>
</arguments>
<msg timestamp="20180824 05:56:08.182" level="INFO">login success!</msg>
<status status="PASS" endtime="20180824 05:56:08.182" starttime="20180824 05:56:08.182"></status>
</kw>
<kw name="Select Frame" library="Selenium2Library">
<doc>Sets frame identified by ``locator`` as the current frame.</doc>
<arguments>
<arg>xpath=//frame[starts-with(@name,"treeFrm_")]</arg>
</arguments>
<msg timestamp="20180824 05:56:08.182" level="INFO">Selecting frame 'xpath=//frame[starts-with(@name,"treeFrm_")]'.</msg>
<status status="PASS" endtime="20180824 05:56:08.314" starttime="20180824 05:56:08.182"></status>
</kw>
<kw name="Click Element" library="Selenium2Library">
<doc>Click element identified by ``locator``.</doc>
<arguments>
<arg>xpath=//a[contains(text(),"WorkUnit")]</arg>
</arguments>
<msg timestamp="20180824 05:56:08.314" level="INFO">Clicking element 'xpath=//a[contains(text(),"WorkUnit")]'.</msg>
<status status="PASS" endtime="20180824 05:56:09.721" starttime="20180824 05:56:08.314"></status>
</kw>
<kw name="Unselect Frame" library="Selenium2Library">
<doc>Sets the main frame as the current frame.</doc>
<status status="PASS" endtime="20180824 05:56:09.736" starttime="20180824 05:56:09.721"></status>
</kw>
<kw name="Select Frame" library="Selenium2Library">
<doc>Sets frame identified by ``locator`` as the current frame.</doc>
<arguments>
<arg>xpath=//frame[starts-with(@name,"bodyFrm_")]</arg>
</arguments>
<msg timestamp="20180824 05:56:09.736" level="INFO">Selecting frame 'xpath=//frame[starts-with(@name,"bodyFrm_")]'.</msg>
<status status="PASS" endtime="20180824 05:56:09.814" starttime="20180824 05:56:09.736"></status>
</kw>
<kw name="Click Element" library="Selenium2Library">
<doc>Click element identified by ``locator``.</doc>
<arguments>
<arg>xpath=//a[contains(text(),"Create a new WorkUnit")]</arg>
</arguments>
<msg timestamp="20180824 05:56:09.814" level="INFO">Clicking element 'xpath=//a[contains(text(),"Create a new WorkUnit")]'.</msg>
<status status="PASS" endtime="20180824 05:56:11.267" starttime="20180824 05:56:09.814"></status>
</kw>
<kw name="Click Element" library="Selenium2Library">
<doc>Click element identified by ``locator``.</doc>
<arguments>
<arg>xpath=//input[@name="checkcreate"]</arg>
</arguments>
<msg timestamp="20180824 05:56:11.267" level="INFO">Clicking element 'xpath=//input[@name="checkcreate"]'.</msg>
<status status="PASS" endtime="20180824 05:56:12.840" starttime="20180824 05:56:11.267"></status>
</kw>
<kw name="Unselect Frame" library="Selenium2Library">
<doc>Sets the main frame as the current frame.</doc>
<status status="PASS" endtime="20180824 05:56:12.856" starttime="20180824 05:56:12.840"></status>
</kw>
<kw name="Sleep" library="BuiltIn">
<doc>Pauses the test executed for the given time.</doc>
<arguments>
<arg>2s</arg>
</arguments>
<msg timestamp="20180824 05:56:14.870" level="INFO">Slept 2 seconds</msg>
<status status="PASS" endtime="20180824 05:56:14.870" starttime="20180824 05:56:12.856"></status>
</kw>
<kw name="Select Frame" library="Selenium2Library">
<doc>Sets frame identified by ``locator`` as the current frame.</doc>
<arguments>
<arg>xpath=//frame[starts-with(@name,"msgFrm_")]</arg>
</arguments>
<msg timestamp="20180824 05:56:14.870" level="INFO">Selecting frame 'xpath=//frame[starts-with(@name,"msgFrm_")]'.</msg>
<status status="PASS" endtime="20180824 05:56:15.010" starttime="20180824 05:56:14.870"></status>
</kw>
<kw name="Page Should Contain" library="Selenium2Library">
<doc>Verifies that current page contains ``text``.</doc>
<arguments>
<arg>IJServerを作成しました(IJServer名=WU001)</arg>
</arguments>
<msg timestamp="20180824 05:56:16.742" level="INFO">Current page contains text 'IJServerを作成しました(IJServer名=WU001)'.</msg>
<status status="PASS" endtime="20180824 05:56:16.742" starttime="20180824 05:56:15.010"></status>
</kw>
<kw name="Unselect Frame" library="Selenium2Library">
<doc>Sets the main frame as the current frame.</doc>
<status status="PASS" endtime="20180824 05:56:16.742" starttime="20180824 05:56:16.742"></status>
</kw>
<kw name="Log" library="BuiltIn">
<doc>Logs the given message with the given level.</doc>
<arguments>
<arg>create wu success!</arg>
</arguments>
<msg timestamp="20180824 05:56:16.742" level="INFO">create wu success!</msg>
<status status="PASS" endtime="20180824 05:56:16.742" starttime="20180824 05:56:16.742"></status>
</kw>
<kw name="Select Frame" library="Selenium2Library">
<doc>Sets frame identified by ``locator`` as the current frame.</doc>
<arguments>
<arg>xpath=//frame[starts-with(@name,"treeFrm_")]</arg>
</arguments>
<msg timestamp="20180824 05:56:16.742" level="INFO">Selecting frame 'xpath=//frame[starts-with(@name,"treeFrm_")]'.</msg>
<status status="PASS" endtime="20180824 05:56:16.835" starttime="20180824 05:56:16.742"></status>
</kw>
<kw name="Click Element" library="Selenium2Library">
<doc>Click element identified by ``locator``.</doc>
<arguments>
<arg>xpath=//a[contains(@onclick,"ujiAncSubmit_menu('switchexpanded','switchNode','0_0_0')")]</arg>
</arguments>
<msg timestamp="20180824 05:56:16.835" level="INFO">Clicking element 'xpath=//a[contains(@onclick,"ujiAncSubmit_menu('switchexpanded','switchNode','0_0_0')")]'.</msg>
<status status="PASS" endtime="20180824 05:56:18.176" starttime="20180824 05:56:16.835"></status>
</kw>
<kw name="Click Element" library="Selenium2Library">
<doc>Click element identified by ``locator``.</doc>
<arguments>
<arg>xpath=//a[contains(text(),"WU001")]</arg>
</arguments>
<msg timestamp="20180824 05:56:18.176" level="INFO">Clicking element 'xpath=//a[contains(text(),"WU001")]'.</msg>
<status status="PASS" endtime="20180824 05:56:20.021" starttime="20180824 05:56:18.176"></status>
</kw>
<kw name="Unselect Frame" library="Selenium2Library">
<doc>Sets the main frame as the current frame.</doc>
<status status="PASS" endtime="20180824 05:56:20.036" starttime="20180824 05:56:20.021"></status>
</kw>
<kw name="Select Frame" library="Selenium2Library">
<doc>Sets frame identified by ``locator`` as the current frame.</doc>
<arguments>
<arg>xpath=//frame[starts-with(@name,"bodyFrm_")]</arg>
</arguments>
<msg timestamp="20180824 05:56:20.036" level="INFO">Selecting frame 'xpath=//frame[starts-with(@name,"bodyFrm_")]'.</msg>
<status status="PASS" endtime="20180824 05:56:20.131" starttime="20180824 05:56:20.036"></status>
</kw>
<kw name="Click Element" library="Selenium2Library">
<doc>Click element identified by ``locator``.</doc>
<arguments>
<arg>xpath=//input[contains(@onclick,"confirm_onclick('WorkUnit will be deleted.')")]</arg>
</arguments>
<msg timestamp="20180824 05:56:20.131" level="INFO">Clicking element 'xpath=//input[contains(@onclick,"confirm_onclick('WorkUnit will be deleted.')")]'.</msg>
<status status="PASS" endtime="20180824 05:56:21.331" starttime="20180824 05:56:20.131"></status>
</kw>
<kw name="Handle Alert" library="Selenium2Library">
<doc>Handles the current alert and returns its message.</doc>
<arguments>
<arg>accept</arg>
</arguments>
<status status="PASS" endtime="20180824 05:56:22.189" starttime="20180824 05:56:21.331"></status>
</kw>
<kw name="Unselect Frame" library="Selenium2Library">
<doc>Sets the main frame as the current frame.</doc>
<status status="PASS" endtime="20180824 05:56:22.266" starttime="20180824 05:56:22.189"></status>
</kw>
<kw name="Sleep" library="BuiltIn">
<doc>Pauses the test executed for the given time.</doc>
<arguments>
<arg>2s</arg>
</arguments>
<msg timestamp="20180824 05:56:24.279" level="INFO">Slept 2 seconds</msg>
<status status="PASS" endtime="20180824 05:56:24.279" starttime="20180824 05:56:22.266"></status>
</kw>
<kw name="Select Frame" library="Selenium2Library">
<doc>Sets frame identified by ``locator`` as the current frame.</doc>
<arguments>
<arg>xpath=//frame[starts-with(@name,"msgFrm_")]</arg>
</arguments>
<msg timestamp="20180824 05:56:24.279" level="INFO">Selecting frame 'xpath=//frame[starts-with(@name,"msgFrm_")]'.</msg>
<status status="PASS" endtime="20180824 05:56:24.389" starttime="20180824 05:56:24.279"></status>
</kw>
<kw name="Page Should Contain" library="Selenium2Library">
<doc>Verifies that current page contains ``text``.</doc>
<arguments>
<arg>IJServerを削除しました(IJServer名=WU001)</arg>
</arguments>
<msg timestamp="20180824 05:56:26.013" level="INFO">Current page contains text 'IJServerを削除しました(IJServer名=WU001)'.</msg>
<status status="PASS" endtime="20180824 05:56:26.013" starttime="20180824 05:56:24.389"></status>
</kw>
<kw name="Unselect Frame" library="Selenium2Library">
<doc>Sets the main frame as the current frame.</doc>
<status status="PASS" endtime="20180824 05:56:26.013" starttime="20180824 05:56:26.013"></status>
</kw>
<kw name="Log" library="BuiltIn">
<doc>Logs the given message with the given level.</doc>
<arguments>
<arg>delete WU001 success!</arg>
</arguments>
<msg timestamp="20180824 05:56:26.013" level="INFO">delete WU001 success!</msg>
<status status="PASS" endtime="20180824 05:56:26.013" starttime="20180824 05:56:26.013"></status>
</kw>
<kw name="Sleep" library="BuiltIn">
<doc>Pauses the test executed for the given time.</doc>
<arguments>
<arg>2s</arg>
</arguments>
<msg timestamp="20180824 05:56:28.024" level="INFO">Slept 2 seconds</msg>
<status status="PASS" endtime="20180824 05:56:28.024" starttime="20180824 05:56:26.013"></status>
</kw>
<kw name="Close Browser" library="Selenium2Library">
<doc>Closes the current browser.</doc>
<status status="PASS" endtime="20180824 05:56:31.098" starttime="20180824 05:56:28.024"></status>
</kw>
<kw name="Log" library="BuiltIn">
<doc>Logs the given message with the given level.</doc>
<arguments>
<arg>test demo complete!</arg>
</arguments>
<msg timestamp="20180824 05:56:31.098" level="INFO">test demo complete!</msg>
<status status="PASS" endtime="20180824 05:56:31.098" starttime="20180824 05:56:31.098"></status>
</kw>
<status status="PASS" endtime="20180824 05:56:31.098" critical="yes" starttime="20180824 05:54:08.791"></status>
</test>
<status status="PASS" endtime="20180824 05:56:31.098" starttime="20180824 05:54:08.697"></status>
</suite>
<statistics>
<total>
<stat fail="0" pass="1">Critical Tests</stat>
<stat fail="0" pass="1">All Tests</stat>
</total>
<tag>
</tag>
<suite>
<stat fail="0" id="s1" name="LoginTestSuit" pass="1">LoginTestSuit</stat>
</suite>
</statistics>
<errors>
</errors>
</robot>
